id,nome,email
1,Michaela Worsall,mworsall0@booking.com
2,Lulita Trowel,ltrowel1@unblog.fr
3,Ilsa Ianilli,iianilli2@google.fr
4,Mable Brimmicombe,mbrimmicombe3@marriott.com
5,Neila Gumary,ngumary4@macromedia.com
6,Stanford Dawnay,sdawnay5@goodreads.com
7,Camala Kellitt,ckellitt6@salon.com
8,Nelia Stephens,nstephens7@wikispaces.com
9,Tomasina Giorgiutti,tgiorgiutti8@howstuffworks.com
10,Gusti Deehan,gdeehan9@fastcompany.com
11,Aubrette MacAdam,amacadama@eepurl.com
12,Marlie Curtoys,mcurtoysb@gnu.org
13,Nadeen Titterrell,ntitterrellc@go.com
14,Nolana Thunnercliffe,nthunnercliffed@slashdot.org
15,Walden Follows,wfollowse@themeforest.net
16,Falkner Boreham,fborehamf@posterous.com
17,Johnathan Stuffins,jstuffinsg@usda.gov
18,Conn Joskovitch,cjoskovitchh@t-online.de
19,Denni Billington,dbillingtoni@facebook.com
20,Gusty Colecrough,gcolecroughj@independent.co.uk
21,Merrile Sandell,msandellk@goodreads.com
22,Sherlock Hurry,shurryl@webmd.com
23,Ajay Torresi,atorresim@hibu.com
24,Nathalie Dauney,ndauneyn@google.com.br
25,Eden Dun,eduno@virginia.edu
26,Michal Tutill,mtutillp@simplemachines.org
27,Jedd Rissen,jrissenq@reverbnation.com
28,Stafford Craddock,scraddockr@moonfruit.com
29,Salomone Mongain,smongains@scribd.com
30,Berte Pointin,bpointint@toplist.cz
31,Abagail Wardhaw,awardhawu@bbb.org
32,Irene McDirmid,imcdirmidv@noaa.gov
33,Jaquenette Hucke,jhuckew@webeden.co.uk
34,Josh Chaddock,jchaddockx@live.com
35,Buckie Wilmington,bwilmingtony@vkontakte.ru
36,Mario Gumn,mgumnz@acquirethisname.com
37,Ardella Mattiuzzi,amattiuzzi10@cocolog-nifty.com
38,Willyt Deverall,wdeverall11@ucla.edu
39,Cookie Wrenn,cwrenn12@homestead.com
40,Livia Kurth,lkurth13@addthis.com
41,Inigo Cowgill,icowgill14@nsw.gov.au
42,Ursola Slessar,uslessar15@google.ru
43,Padgett Rugieri,prugieri16@census.gov
44,Nerte Pardi,npardi17@bbb.org
45,Alix Foat,afoat18@newsvine.com
46,Lyn Kienle,lkienle19@upenn.edu
47,Anthiathia Bygreaves,abygreaves1a@tiny.cc
48,Cleve Brunstan,cbrunstan1b@telegraph.co.uk
49,Elias Catterson,ecatterson1c@yellowpages.com
50,Harris Brahmer,hbrahmer1d@google.com.au
51,Noel Mapson,nmapson1e@shareasale.com
52,Travis Jaspar,tjaspar1f@nba.com
53,Sigismond Lively,slively1g@tripadvisor.com
54,Ula Meddings,umeddings1h@theatlantic.com
55,Ina Pitcaithley,ipitcaithley1i@gmpg.org
56,Lennard Gisborne,lgisborne1j@nymag.com
57,Torrie Gartenfeld,tgartenfeld1k@free.fr
58,Dita Bulleyn,dbulleyn1l@people.com.cn
59,Friederike Peatman,fpeatman1m@lulu.com
60,Pammi Digby,pdigby1n@livejournal.com
61,Murry Cuell,mcuell1o@msn.com
62,Tera Chopping,tchopping1p@stumbleupon.com
63,Falito Valasek,fvalasek1q@pen.io
64,Concordia Flaxon,cflaxon1r@technorati.com
65,Jaine Swaile,jswaile1s@blogs.com
66,Quintin Mityashin,qmityashin1t@netscape.com
67,Blondie Kinningley,bkinningley1u@java.com
68,Titos O'Feeny,tofeeny1v@meetup.com
69,Stewart Cottie,scottie1w@blogtalkradio.com
70,Binky Dabinett,bdabinett1x@topsy.com
71,Pip Sayes,psayes1y@dell.com
72,Stearne Ridout,sridout1z@godaddy.com
73,Danny Nice,dnice20@cnet.com
74,Sherry Beswetherick,sbeswetherick21@ow.ly
75,Crin Pococke,cpococke22@reuters.com
76,Noemi De Ambrosis,nde23@instagram.com
77,Liuka Gillmore,lgillmore24@bloomberg.com
78,Winonah Wiggington,wwiggington25@godaddy.com
79,Keri Beaford,kbeaford26@artisteer.com
80,Anjela Migheli,amigheli27@diigo.com
81,Madelyn Malenfant,mmalenfant28@yahoo.co.jp
82,Rodrique Harpur,rharpur29@eepurl.com
83,Clair Bunyan,cbunyan2a@nyu.edu
84,Grete Beyne,gbeyne2b@facebook.com
85,Arne Weins,aweins2c@tripod.com
86,Porty Prujean,pprujean2d@ehow.com
87,Harriett Jessett,hjessett2e@nsw.gov.au
88,Ninon Peggram,npeggram2f@phpbb.com
89,Cross Bottrell,cbottrell2g@blog.com
90,Corissa Gent,cgent2h@si.edu
91,Osborn Samart,osamart2i@craigslist.org
92,Jonis Veschambre,jveschambre2j@privacy.gov.au
93,Jerrie Jackett,jjackett2k@alexa.com
94,Benedick Branchet,bbranchet2l@upenn.edu
95,Aaron Waldera,awaldera2m@mozilla.com
96,Hayley Attril,hattril2n@facebook.com
97,Rice Brilon,rbrilon2o@hubpages.com
98,Rachel Jeanesson,rjeanesson2p@salon.com
99,Patrick Windless,pwindless2q@answers.com
100,Evelina Dowers,edowers2r@tuttocitta.it
101,Freddi Brew,fbrew2s@yale.edu
102,Nance Underwood,nunderwood2t@cornell.edu
103,Sanders Bendley,sbendley2u@zimbio.com
104,Cherie Drinkale,cdrinkale2v@sciencedirect.com
105,Montague Collingham,mcollingham2w@jalbum.net
106,Bard Pray,bpray2x@hud.gov
107,Urbain Maultby,umaultby2y@t.co
108,Craggie Ledeker,cledeker2z@wordpress.org
109,Odette Ramsdale,oramsdale30@hostgator.com
110,Damiano Mee,dmee31@163.com
111,Isaiah Allain,iallain32@alibaba.com
112,Isadora O'Sheeryne,iosheeryne33@vk.com
113,Dewey Straw,dstraw34@lycos.com
114,Xymenes Lawlie,xlawlie35@wired.com
115,Diandra Worcs,dworcs36@wix.com
116,Nat Humfrey,nhumfrey37@sun.com
117,Mandie Delyth,mdelyth38@yellowbook.com
118,Ash Garrie,agarrie39@prlog.org
119,Joby Clelle,jclelle3a@illinois.edu
120,Aylmar Gantz,agantz3b@reuters.com
121,Brod Corck,bcorck3c@usda.gov
122,Clemmy Bellee,cbellee3d@paginegialle.it
123,Freddie Grigoliis,fgrigoliis3e@apple.com
124,Chelsae Haddeston,chaddeston3f@webmd.com
125,Tonie Sartain,tsartain3g@amazon.co.jp
126,Robinet Cohan,rcohan3h@list-manage.com
127,Barbey Lincoln,blincoln3i@google.co.jp
128,Melisenda De Cristoforo,mde3j@state.gov
129,Rafferty Dumigan,rdumigan3k@jalbum.net
130,Debor Guerra,dguerra3l@oracle.com
131,Twyla Morpeth,tmorpeth3m@zdnet.com
132,Alyssa Rippon,arippon3n@ucla.edu
133,Shaylah Crackel,scrackel3o@pinterest.com
134,Goldi Fishe,gfishe3p@auda.org.au
135,Helenelizabeth Mowling,hmowling3q@nature.com
136,Jerome Ovesen,jovesen3r@hud.gov
137,Maxim Paoloni,mpaoloni3s@harvard.edu
138,Coleman Lantry,clantry3t@dmoz.org
139,Broderick Fryett,bfryett3u@cpanel.net
140,Lindsay Bangley,lbangley3v@google.com
141,Anni Kyteley,akyteley3w@t.co
142,Brook Bagley,bbagley3x@fastcompany.com
143,Lucais Ruddlesden,lruddlesden3y@reddit.com
144,Isidoro Rustich,irustich3z@alexa.com
145,Dorolice Pescott,dpescott40@free.fr
146,Lincoln Larcombe,llarcombe41@homestead.com
147,Estrella Boniface,eboniface42@theglobeandmail.com
148,Kiah Lurner,klurner43@reuters.com
149,Thebault Duckitt,tduckitt44@geocities.com
150,Pen Risbridger,prisbridger45@patch.com
151,Mischa Greir,mgreir46@slate.com
152,Riobard Gogie,rgogie47@nifty.com
153,Abran Garmston,agarmston48@globo.com
154,Roberto Walkowski,rwalkowski49@wunderground.com
155,Letti Di Baudi,ldi4a@engadget.com
156,Darnall Devote,ddevote4b@walmart.com
157,Fenelia Tompkins,ftompkins4c@wunderground.com
158,Kelcy Nisbith,knisbith4d@yahoo.com
159,Rosalind Dallow,rdallow4e@ebay.co.uk
160,Hymie Challens,hchallens4f@ebay.com
161,Edmund Leverette,eleverette4g@so-net.ne.jp
162,Gisella Greenway,ggreenway4h@free.fr
163,Gav Avramchik,gavramchik4i@51.la
164,Liz East,least4j@cloudflare.com
165,Samuel Brislawn,sbrislawn4k@dmoz.org
166,Elaina Longea,elongea4l@trellian.com
167,Biron Le Gall,ble4m@disqus.com
168,Hank Pullinger,hpullinger4n@desdev.cn
169,Biddy Westcarr,bwestcarr4o@addthis.com
170,Manfred Glidden,mglidden4p@bigcartel.com
171,Jeramey Brattell,jbrattell4q@devhub.com
172,Gerhard McDaid,gmcdaid4r@ed.gov
173,Fernando Burdikin,fburdikin4s@shop-pro.jp
174,Anthony Yggo,ayggo4t@china.com.cn
175,Addi Skittle,askittle4u@sun.com
176,Kaylee Wickwarth,kwickwarth4v@artisteer.com
177,Evanne Rodrigo,erodrigo4w@yellowpages.com
178,Delano Ransome,dransome4x@nature.com
179,Rickie Wigg,rwigg4y@bigcartel.com
180,Claudetta Tildesley,ctildesley4z@latimes.com
181,Lenka MacCostye,lmaccostye50@privacy.gov.au
182,Zacherie Jepperson,zjepperson51@istockphoto.com
183,Eadmund Sexcey,esexcey52@icio.us
184,Levi Puffett,lpuffett53@archive.org
185,Rodrique Magowan,rmagowan54@eventbrite.com
186,Barbabra Bebbington,bbebbington55@google.nl
187,Georgy MacAdam,gmacadam56@yandex.ru
188,Roselia Hearns,rhearns57@a8.net
189,Ellette Fincke,efincke58@wordpress.org
190,Mari Quig,mquig59@storify.com
191,Artur Durdan,adurdan5a@npr.org
192,Ian Abramovici,iabramovici5b@cisco.com
193,Marion Bartleet,mbartleet5c@mozilla.com
194,Berthe Breewood,bbreewood5d@buzzfeed.com
195,Etty Beecroft,ebeecroft5e@taobao.com
196,Kearney Dashper,kdashper5f@cmu.edu
197,Iona Young,iyoung5g@youtu.be
198,Sanson Bowkett,sbowkett5h@narod.ru
199,Patrizio Cherm,pcherm5i@google.fr
200,Bryce Capes,bcapes5j@forbes.com
201,Johnathan Killby,jkillby5k@nps.gov
202,Vannie Anstiss,vanstiss5l@bravesites.com
203,Janis Banting,jbanting5m@last.fm
204,Lori Barrack,lbarrack5n@pinterest.com
205,Walsh Ferrarini,wferrarini5o@themeforest.net
206,Budd Coslitt,bcoslitt5p@skyrock.com
207,Cammy Burgett,cburgett5q@vinaora.com
208,Spike Atter,satter5r@hubpages.com
209,Trevar Cadwallader,tcadwallader5s@narod.ru
210,Yetty Arch,yarch5t@livejournal.com
211,Ferdy Vassman,fvassman5u@ucsd.edu
212,Vidovik Moulster,vmoulster5v@answers.com
213,Dewey Jeeks,djeeks5w@yelp.com
214,Vikky Staner,vstaner5x@youku.com
215,Elianora Holehouse,eholehouse5y@de.vu
216,Jillian Duggen,jduggen5z@macromedia.com
217,Chance Stoile,cstoile60@smh.com.au
218,Ediva Burnie,eburnie61@nydailynews.com
219,Liana Goodbairn,lgoodbairn62@google.it
220,Betsey Hintzer,bhintzer63@webnode.com
221,Klara Gulland,kgulland64@imdb.com
222,Angeli Fri,afri65@ucla.edu
223,Amber Larkcum,alarkcum66@businessweek.com
224,Codee Richel,crichel67@cmu.edu
225,Ty Hilldrup,thilldrup68@pagesperso-orange.fr
226,Alaster Loraine,aloraine69@army.mil
227,Jolene Pervoe,jpervoe6a@de.vu
228,Janean Lankford,jlankford6b@time.com
229,Pryce Phillimore,pphillimore6c@biglobe.ne.jp
230,Vikki Haydon,vhaydon6d@dedecms.com
231,Gabriellia Yitzhakof,gyitzhakof6e@joomla.org
232,Brandice Fanton,bfanton6f@miitbeian.gov.cn
233,Bekki Hark,bhark6g@washington.edu
234,Paddy Gynn,pgynn6h@jalbum.net
235,Caitrin Fonteyne,cfonteyne6i@gov.uk
236,Laurens Mustin,lmustin6j@friendfeed.com
237,Kinsley Piser,kpiser6k@google.ca
238,Husein Baxstair,hbaxstair6l@admin.ch
239,Silvanus Darridon,sdarridon6m@loc.gov
240,Cullin Pedrozzi,cpedrozzi6n@nsw.gov.au
241,Efrem McCreery,emccreery6o@edublogs.org
242,Gerick Saward,gsaward6p@ocn.ne.jp
243,Warner Bendig,wbendig6q@howstuffworks.com
244,Nike Plews,nplews6r@posterous.com
245,Odella Ellingworth,oellingworth6s@ca.gov
246,Kameko Chong,kchong6t@wikia.com
247,Gery Spradbrow,gspradbrow6u@blog.com
248,Tomkin Weeden,tweeden6v@yolasite.com
249,Allistir Gruczka,agruczka6w@smugmug.com
250,Mireielle Devil,mdevil6x@latimes.com
251,Jere Hark,jhark6y@nasa.gov
252,Spense Jakobssen,sjakobssen6z@answers.com
253,Ephrayim Gibard,egibard70@wikipedia.org
254,Edvard Seakings,eseakings71@cbsnews.com
255,Danita Matfield,dmatfield72@boston.com
256,Townsend Monkton,tmonkton73@weibo.com
257,Jobie Ather,jather74@a8.net
258,Quintus Le Breton De La Vieuville,qle75@engadget.com
259,Mignon Anthoine,manthoine76@cyberchimps.com
260,Yolane Peatman,ypeatman77@deviantart.com
261,Chris Gadie,cgadie78@dailymotion.com
262,Joletta Spritt,jspritt79@aboutads.info
263,Ferdinande Fairpo,ffairpo7a@imageshack.us
264,Marketa Doleman,mdoleman7b@diigo.com
265,Leopold Cummungs,lcummungs7c@sphinn.com
266,Ambrosius Bulbeck,abulbeck7d@dmoz.org
267,Margarette Preshaw,mpreshaw7e@goo.gl
268,Geri Lackner,glackner7f@hhs.gov
269,Vin Primmer,vprimmer7g@yelp.com
270,Andeee Postle,apostle7h@shop-pro.jp
271,Daniela Warret,dwarret7i@gnu.org
272,Yvor Bomb,ybomb7j@usatoday.com
273,Mord Allebone,mallebone7k@blog.com
274,Clare Hagart,chagart7l@who.int
275,Huberto Finlaison,hfinlaison7m@infoseek.co.jp
276,Herrick Hannigane,hhannigane7n@cnbc.com
277,Piggy Anshell,panshell7o@dot.gov
278,Garner Finicj,gfinicj7p@prweb.com
279,Derrick Noods,dnoods7q@npr.org
280,Charin Stubley,cstubley7r@house.gov
281,Barri Glawsop,bglawsop7s@umich.edu
282,Carry Ilyasov,cilyasov7t@ovh.net
283,Domini Lamborne,dlamborne7u@yellowpages.com
284,Nicolea Neachell,nneachell7v@nyu.edu
285,Emerson Pennrington,epennrington7w@wired.com
286,Mickie Coppenhall,mcoppenhall7x@intel.com
287,Pearce O'Moylane,pomoylane7y@zimbio.com
288,Jo-anne Tooting,jtooting7z@arizona.edu
289,Car Feast,cfeast80@github.io
290,Mellicent Pettifor,mpettifor81@ucoz.com
291,Federico Salvin,fsalvin82@vk.com
292,Corette Venton,cventon83@mtv.com
293,Beniamino Caras,bcaras84@springer.com
294,Curry Sizland,csizland85@blogger.com
295,Marlena Stit,mstit86@wsj.com
296,Aviva Bodycote,abodycote87@wiley.com
297,Jenilee Kumaar,jkumaar88@tripod.com
298,Doria Polden,dpolden89@fema.gov
299,Harmony Robertis,hrobertis8a@buzzfeed.com
300,Sherri Briffett,sbriffett8b@constantcontact.com
301,Kaylyn Dreng,kdreng8c@yahoo.co.jp
302,Margaretta Matchell,mmatchell8d@weather.com
303,Christin Girdler,cgirdler8e@redcross.org
304,Terese Gameson,tgameson8f@microsoft.com
305,Sheppard Boskell,sboskell8g@digg.com
306,Tamiko Iorizzo,tiorizzo8h@pinterest.com
307,Adara Pedrozzi,apedrozzi8i@japanpost.jp
308,Lucho Huke,lhuke8j@chronoengine.com
309,Rochette Elsop,relsop8k@newsvine.com
310,Winthrop Nias,wnias8l@mail.ru
311,Nickie Dick,ndick8m@bandcamp.com
312,Emeline Riall,eriall8n@ucla.edu
313,Shepherd Luckie,sluckie8o@purevolume.com
314,Ddene Shannon,dshannon8p@hostgator.com
315,Marni Tupman,mtupman8q@discuz.net
316,Hendrika Blant,hblant8r@irs.gov
317,Wenda Clapson,wclapson8s@nymag.com
318,Dorita Sculpher,dsculpher8t@seattletimes.com
319,Clarette Slaten,cslaten8u@naver.com
320,Mace Formie,mformie8v@time.com
321,Veda Eannetta,veannetta8w@redcross.org
322,Kimball Grewcock,kgrewcock8x@usda.gov
323,Sophronia Kerford,skerford8y@wp.com
324,Robbie Bodman,rbodman8z@technorati.com
325,Nedda Spridgeon,nspridgeon90@elegantthemes.com
326,Ronnica Consterdine,rconsterdine91@storify.com
327,Mikey Legerwood,mlegerwood92@bizjournals.com
328,Traci Campanelle,tcampanelle93@angelfire.com
329,Elane Youde,eyoude94@linkedin.com
330,Wenda Milson,wmilson95@delicious.com
331,Kerry Raxworthy,kraxworthy96@slideshare.net
332,Sancho Demcak,sdemcak97@webmd.com
333,Clarice Haye,chaye98@tinyurl.com
334,Kenyon Jeffcoate,kjeffcoate99@scientificamerican.com
335,Camile Brittles,cbrittles9a@un.org
336,Cooper Morrell,cmorrell9b@alexa.com
337,Findley Banville,fbanville9c@cnet.com
338,Gaylor Hember,ghember9d@nyu.edu
339,Ferd Oles,foles9e@state.gov
340,Fraser Cockren,fcockren9f@ibm.com
341,Roseanna Soame,rsoame9g@craigslist.org
342,Gloriana Isakson,gisakson9h@nymag.com
343,Whitney Figgen,wfiggen9i@amazon.co.jp
344,Giffard Brumpton,gbrumpton9j@jalbum.net
345,Eleanora Sullivan,esullivan9k@arstechnica.com
346,Barry Hacking,bhacking9l@i2i.jp
347,Candida Burleigh,cburleigh9m@gizmodo.com
348,Der Malkie,dmalkie9n@csmonitor.com
349,Ricca Bellfield,rbellfield9o@patch.com
350,Mureil McFfaden,mmcffaden9p@dagondesign.com
351,Mildrid Fidelus,mfidelus9q@nationalgeographic.com
352,Sylvester Masterman,smasterman9r@barnesandnoble.com
353,Myranda Wickey,mwickey9s@google.co.jp
354,Peggie Wackley,pwackley9t@eventbrite.com
355,Jacques Chicotti,jchicotti9u@squarespace.com
356,Helen-elizabeth Parmby,hparmby9v@list-manage.com
357,Johnathon Cauthra,jcauthra9w@stanford.edu
358,Gordon Harm,gharm9x@archive.org
359,Datha Frere,dfrere9y@51.la
360,Vassili McCard,vmccard9z@sciencedirect.com
361,Claresta Trenholme,ctrenholmea0@domainmarket.com
362,Matti Gottelier,mgotteliera1@gmpg.org
363,Corine Wellington,cwellingtona2@craigslist.org
364,Standford Cush,scusha3@discuz.net
365,Arden Pashler,apashlera4@jigsy.com
366,Hewet Sandever,hsandevera5@fda.gov
367,Chloris Pickavance,cpickavancea6@ted.com
368,Trude Fusco,tfuscoa7@zimbio.com
369,Helenka Burrows,hburrowsa8@nhs.uk
370,Erich Ciccottio,eciccottioa9@narod.ru
371,Gram Clawsley,gclawsleyaa@hubpages.com
372,Celka Showl,cshowlab@joomla.org
373,Raychel Husset,rhussetac@un.org
374,Addy Hopkynson,ahopkynsonad@senate.gov
375,Harman Carthy,hcarthyae@ebay.com
376,Hayes Gaythorpe,hgaythorpeaf@amazon.co.jp
377,Tracee Harner,tharnerag@indiatimes.com
378,Godfree Sheering,gsheeringah@yahoo.co.jp
379,Elizabet Petrasch,epetraschai@cargocollective.com
380,Shena Indge,sindgeaj@un.org
381,Janot Zanotti,jzanottiak@irs.gov
382,Meade Dufoure,mdufoureal@economist.com
383,Nichole Easterling,neasterlingam@usda.gov
384,Elisha Passey,epasseyan@washingtonpost.com
385,Blisse Ryburn,bryburnao@slate.com
386,Marwin Trowel,mtrowelap@bing.com
387,Christean Skipping,cskippingaq@npr.org
388,Jaynell Salzen,jsalzenar@npr.org
389,Ricoriki Freegard,rfreegardas@ebay.co.uk
390,Nettle Goodchild,ngoodchildat@ed.gov
391,Donalt Gerrie,dgerrieau@tinyurl.com
392,Caron Linzey,clinzeyav@a8.net
393,Aurelia Daltry,adaltryaw@xinhuanet.com
394,Mile Simmon,msimmonax@va.gov
395,Bethena Lace,blaceay@newsvine.com
396,Tammi Matasov,tmatasovaz@seesaa.net
397,Shellysheldon Doohan,sdoohanb0@senate.gov
398,Fanchon Nuton,fnutonb1@ocn.ne.jp
399,Sharron Woodlands,swoodlandsb2@mysql.com
400,Ivory Luscombe,iluscombeb3@earthlink.net
401,Cammy Birdfield,cbirdfieldb4@hp.com
402,Perry Jilliss,pjillissb5@phpbb.com
403,Jennee Coger,jcogerb6@pagesperso-orange.fr
404,Shirlee Copcote,scopcoteb7@blogtalkradio.com
405,Miran Duncklee,mdunckleeb8@feedburner.com
406,Tanitansy Allmark,tallmarkb9@marriott.com
407,Hilario Woodus,hwoodusba@mozilla.com
408,Vilma Monsey,vmonseybb@4shared.com
409,Silvain Khadir,skhadirbc@foxnews.com
410,Brandea Donnel,bdonnelbd@globo.com
411,Brok Gherardesci,bgherardescibe@w3.org
412,Jada Hiddsley,jhiddsleybf@ow.ly
413,Artemis Strut,astrutbg@plala.or.jp
414,Marcela Shorte,mshortebh@bizjournals.com
415,Sasha Bresnen,sbresnenbi@addthis.com
416,Giuseppe Clash,gclashbj@nifty.com
417,Jerrome Fifield,jfifieldbk@independent.co.uk
418,Nikolia Wooffitt,nwooffittbl@kickstarter.com
419,Donny Yegorshin,dyegorshinbm@joomla.org
420,Audy Whyborn,awhybornbn@netlog.com
421,Lilia Cheetham,lcheethambo@theatlantic.com
422,Malorie Wyer,mwyerbp@tumblr.com
423,Iseabal Sustin,isustinbq@google.es
424,Flynn Astle,fastlebr@vimeo.com
425,Harriette Samber,hsamberbs@google.com.br
426,Alistair Shapcott,ashapcottbt@microsoft.com
427,Dalia Babbe,dbabbebu@scientificamerican.com
428,Daveen Kleinplatz,dkleinplatzbv@sina.com.cn
429,Keen Grastye,kgrastyebw@webs.com
430,Amil Whetson,awhetsonbx@vistaprint.com
431,Bunnie Vergine,bvergineby@tamu.edu
432,Bax Scotts,bscottsbz@mapquest.com
433,Jewelle Basnett,jbasnettc0@g.co
434,Kissie Blower,kblowerc1@sitemeter.com
435,Franciska Skeates,fskeatesc2@goo.gl
436,Mavis Ramsted,mramstedc3@i2i.jp
437,Rusty Sibille,rsibillec4@yolasite.com
438,Min Bankes,mbankesc5@cyberchimps.com
439,Ree Pleasaunce,rpleasauncec6@wsj.com
440,Amalea Srawley,asrawleyc7@hud.gov
441,Bartie Aulsford,baulsfordc8@washingtonpost.com
442,Jilleen Cashman,jcashmanc9@hibu.com
443,Pansy Ellerman,pellermanca@netscape.com
444,Violette Yvens,vyvenscb@infoseek.co.jp
445,Raynell Fischer,rfischercc@deliciousdays.com
446,Jolynn Limer,jlimercd@squarespace.com
447,Esra Ismead,eismeadce@cafepress.com
448,Gregor Loutheane,gloutheanecf@myspace.com
449,Melisande Pinsent,mpinsentcg@angelfire.com
450,Erich Almack,ealmackch@artisteer.com
451,Hugo Cleere,hcleereci@behance.net
452,Kerby Crake,kcrakecj@ask.com
453,Christie Quennell,cquennellck@123-reg.co.uk
454,Mel Seabrook,mseabrookcl@dyndns.org
455,Cindelyn Abramof,cabramofcm@alibaba.com
456,Jorgan Hendrich,jhendrichcn@tamu.edu
457,Katheryn Cush,kcushco@histats.com
458,Fanchette Quantick,fquantickcp@ucsd.edu
459,Solomon Burnsides,sburnsidescq@reuters.com
460,Davie Stirling,dstirlingcr@diigo.com
461,Alene Shefton,asheftoncs@1und1.de
462,Eulalie Roache,eroachect@youku.com
463,Arlana Hencke,ahenckecu@tumblr.com
464,Maurise O'Caine,mocainecv@ezinearticles.com
465,Rolf Priddie,rpriddiecw@ted.com
466,Olivia Sazio,osaziocx@posterous.com
467,Kora Piotr,kpiotrcy@adobe.com
468,Charmian Mully,cmullycz@boston.com
469,Reagan Grimble,rgrimbled0@topsy.com
470,Val Farrier,vfarrierd1@ebay.com
471,Joellen Paskerful,jpaskerfuld2@examiner.com
472,Carina Crim,ccrimd3@accuweather.com
473,Matty Bohling,mbohlingd4@netlog.com
474,Wallie Climer,wclimerd5@cocolog-nifty.com
475,Romola Weatherburn,rweatherburnd6@paypal.com
476,Lebbie Whissell,lwhisselld7@phoca.cz
477,Saxe Hanley,shanleyd8@bigcartel.com
478,Kesley Meriet,kmerietd9@amazonaws.com
479,Anstice Dyment,adymentda@topsy.com
480,Crystie Copozio,ccopoziodb@posterous.com
481,Heall Edmand,hedmanddc@abc.net.au
482,Tedd Rubinchik,trubinchikdd@tmall.com
483,Virginie Braim,vbraimde@wikispaces.com
484,Lyndel Earle,learledf@cnn.com
485,Andria Yarr,ayarrdg@google.nl
486,Kym Oger,kogerdh@youtube.com
487,Giana Aupol,gaupoldi@usgs.gov
488,Elsbeth Ivanyukov,eivanyukovdj@ustream.tv
489,Verile Potts,vpottsdk@blogs.com
490,Sean Rivallant,srivallantdl@narod.ru
491,Tasia Atto,tattodm@reference.com
492,Veradis Georgievski,vgeorgievskidn@si.edu
493,Travers Towner,ttownerdo@elegantthemes.com
494,Connor Tumioto,ctumiotodp@cbc.ca
495,Eal Grinvalds,egrinvaldsdq@wunderground.com
496,Jeane Vowells,jvowellsdr@fastcompany.com
497,Stacy Crathorne,scrathorneds@google.fr
498,Kendricks Strettle,kstrettledt@techcrunch.com
499,Hal Hutchins,hhutchinsdu@google.es
500,Dael Oaker,doakerdv@cargocollective.com
501,Garnette Murton,gmurtondw@yale.edu
502,Fifi Gladwell,fgladwelldx@jalbum.net
503,Andriette Pepper,apepperdy@theglobeandmail.com
504,Georgianne Pelz,gpelzdz@usda.gov
505,Arliene Volker,avolkere0@ehow.com
506,Travers Steeden,tsteedene1@shutterfly.com
507,Jephthah Portwaine,jportwainee2@paginegialle.it
508,Mychal Cookney,mcookneye3@unc.edu
509,Dawna Corton,dcortone4@webs.com
510,Rex Mullenger,rmullengere5@telegraph.co.uk
511,Codi Egle of Germany,ceglee6@privacy.gov.au
512,Denny Trymme,dtrymmee7@bbb.org
513,Cleve Pimblett,cpimblette8@last.fm
514,Dougie McNaughton,dmcnaughtone9@ask.com
515,Ranee Asche,rascheea@kickstarter.com
516,Douglas McKillop,dmckillopeb@wix.com
517,Arie Castanie,acastanieec@booking.com
518,Joline Dallow,jdallowed@shareasale.com
519,Bourke Hulle,bhulleee@prweb.com
520,Prent Feore,pfeoreef@yelp.com
521,Abba O'Suaird,aosuairdeg@addthis.com
522,Inger MacCafferky,imaccafferkyeh@odnoklassniki.ru
523,Andeee Kringe,akringeei@spotify.com
524,Rubia Gyse,rgyseej@nps.gov
525,Cleon Schwandermann,cschwandermannek@pagesperso-orange.fr
526,Laverna Dulake,ldulakeel@comcast.net
527,Skippie Mawford,smawfordem@booking.com
528,Linell Dinnis,ldinnisen@elpais.com
529,Lindsey Briton,lbritoneo@google.cn
530,Jefferey Gately,jgatelyep@mac.com
531,Moss Menelaws,mmenelawseq@mlb.com
532,Nevins Scutchin,nscutchiner@angelfire.com
533,Dido De Bruijn,ddees@prweb.com
534,Andeee Tomkins,atomkinset@examiner.com
535,Umeko Aronovitz,uaronovitzeu@w3.org
536,Biddy Gibbings,bgibbingsev@si.edu
537,Goldarina Arnal,garnalew@zdnet.com
538,Claus Hefford,cheffordex@twitpic.com
539,Miguelita Cary,mcaryey@vimeo.com
540,Dietrich Askwith,daskwithez@phoca.cz
541,Cornie Crewe,ccrewef0@tumblr.com
542,Em Barg,ebargf1@mysql.com
543,Jeff Jouanot,jjouanotf2@samsung.com
544,Krissy Ayrton,kayrtonf3@uol.com.br
545,Antin Fullager,afullagerf4@oaic.gov.au
546,Kacie Hinemoor,khinemoorf5@mapy.cz
547,Orsa Cubbinelli,ocubbinellif6@tinypic.com
548,Mariquilla Capron,mcapronf7@a8.net
549,Courtney Kemmons,ckemmonsf8@netlog.com
550,Melodee Greenhill,mgreenhillf9@facebook.com
551,Kelly Klos,kklosfa@europa.eu
552,Eugen Rickardes,erickardesfb@twitpic.com
553,Bess Sampson,bsampsonfc@cbc.ca
554,Paige Theodoris,ptheodorisfd@simplemachines.org
555,Rafferty Gritsunov,rgritsunovfe@usa.gov
556,Peadar Badwick,pbadwickff@cnbc.com
557,Templeton Westnedge,twestnedgefg@edublogs.org
558,Alexandro Pepys,apepysfh@unblog.fr
559,Livvyy Khilkov,lkhilkovfi@xinhuanet.com
560,Jody Featherbie,jfeatherbiefj@statcounter.com
561,Sibel Sturgis,ssturgisfk@typepad.com
562,Sadie Rivitt,srivittfl@gmpg.org
563,Mitzi Howlett,mhowlettfm@amazonaws.com
564,Rog Please,rpleasefn@github.com
565,Jaclin Steart,jsteartfo@apache.org
566,Cara Cheese,ccheesefp@gizmodo.com
567,Cori Hehir,chehirfq@europa.eu
568,Blithe Robertelli,brobertellifr@google.pl
569,Miran Charlot,mcharlotfs@rediff.com
570,Barnabas Catherall,bcatherallft@storify.com
571,Cad Cato,ccatofu@cmu.edu
572,Quinton Bester,qbesterfv@unblog.fr
573,Gerik Geerits,ggeeritsfw@nih.gov
574,Carine Morrad,cmorradfx@printfriendly.com
575,Arie Bernardotti,abernardottify@stanford.edu
576,Verine Bloys,vbloysfz@homestead.com
577,Jarib Woodburne,jwoodburneg0@rambler.ru
578,Celestyn Giovanitti,cgiovanittig1@google.pl
579,Maxine Stappard,mstappardg2@msn.com
580,Clemmie Epperson,ceppersong3@ucoz.com
581,Eddie Srawley,esrawleyg4@techcrunch.com
582,Yoko Schirok,yschirokg5@myspace.com
583,Corny Winsbury,cwinsburyg6@ibm.com
584,Grethel Shildrick,gshildrickg7@cloudflare.com
585,Fania Haeslier,fhaeslierg8@chron.com
586,Linn Tuff,ltuffg9@nasa.gov
587,Dolores Geerdts,dgeerdtsga@domainmarket.com
588,Dorie Fumagall,dfumagallgb@i2i.jp
589,Felicio Halwell,fhalwellgc@gnu.org
590,Tam Latus,tlatusgd@marriott.com
591,Zachariah Shaddick,zshaddickge@symantec.com
592,Mackenzie Shakelade,mshakeladegf@amazon.de
593,Arvie Pascall,apascallgg@arstechnica.com
594,Dominick Grass,dgrassgh@biglobe.ne.jp
595,King Murton,kmurtongi@multiply.com
596,Bird Klimczak,bklimczakgj@engadget.com
597,Carla Leeming,cleeminggk@live.com
598,Leonidas Buy,lbuygl@barnesandnoble.com
599,Diane-marie Wilmott,dwilmottgm@purevolume.com
600,Rodi Haberfield,rhaberfieldgn@kickstarter.com
601,Cheri Beese,cbeesego@goo.gl
602,Wynn Gorring,wgorringgp@mlb.com
603,Kiersten Aitken,kaitkengq@deliciousdays.com
604,Cynthea Gentle,cgentlegr@csmonitor.com
605,Arin Aynscombe,aaynscombegs@state.tx.us
606,Giacomo Alexsandrev,galexsandrevgt@utexas.edu
607,Natty MacIlraith,nmacilraithgu@spotify.com
608,Antone Chape,achapegv@engadget.com
609,Francklyn Monro,fmonrogw@howstuffworks.com
610,Keen Gallehock,kgallehockgx@clickbank.net
611,Angeline Elnor,aelnorgy@com.com
612,Saleem Kirvin,skirvingz@un.org
613,Salmon Reder,srederh0@amazon.co.uk
614,Sunshine Demer,sdemerh1@ox.ac.uk
615,Inga Shirland,ishirlandh2@icq.com
616,Haley Keyworth,hkeyworthh3@moonfruit.com
617,Arty Rookledge,arookledgeh4@xinhuanet.com
618,Jesselyn Marrows,jmarrowsh5@bing.com
619,Zackariah Chuck,zchuckh6@eepurl.com
620,Hildagarde Bedford,hbedfordh7@de.vu
621,Allsun Bunten,abuntenh8@blogger.com
622,Aloysius Swanton,aswantonh9@wordpress.com
623,Northrup Le Galle,nleha@imageshack.us
624,Vanessa Keppin,vkeppinhb@google.it
625,Rees Rawsen,rrawsenhc@mail.ru
626,Phillipe Jeanon,pjeanonhd@addtoany.com
627,Amalita Starsmore,astarsmorehe@joomla.org
628,Kamillah Toffolo,ktoffolohf@toplist.cz
629,Coleen De Vaux,cdehg@umn.edu
630,Stanly Savary,ssavaryhh@mysql.com
631,Erich Quinnelly,equinnellyhi@skype.com
632,Tore Laven,tlavenhj@dot.gov
633,Dunstan Diver,ddiverhk@yelp.com
634,Rem Longman,rlongmanhl@barnesandnoble.com
635,Chan Skeels,cskeelshm@uiuc.edu
636,Dottie Brimilcombe,dbrimilcombehn@tripadvisor.com
637,Sigismondo Turvie,sturvieho@godaddy.com
638,Fielding Rotte,frottehp@npr.org
639,Noreen Coulsen,ncoulsenhq@lycos.com
640,Meris Labram,mlabramhr@icq.com
641,Eugene Ulyat,eulyaths@amazon.com
642,Leelah Sonier,lsonierht@wikipedia.org
643,Sasha Elliss,sellisshu@noaa.gov
644,Colet Tunniclisse,ctunniclissehv@unesco.org
645,Cyndie Gittis,cgittishw@printfriendly.com
646,Christoper Astbery,castberyhx@ucoz.ru
647,Nealy Spyer,nspyerhy@mit.edu
648,Sibylle Scutt,sscutthz@slashdot.org
649,Deanna Cornelissen,dcornelisseni0@foxnews.com
650,Dillie Clatworthy,dclatworthyi1@myspace.com
651,Chaddie Upstell,cupstelli2@cbslocal.com
652,Taddeo Rodbourne,trodbournei3@slideshare.net
653,Dagmar Hotchkin,dhotchkini4@domainmarket.com
654,Simonne Espadate,sespadatei5@vinaora.com
655,Griffith Brake,gbrakei6@ca.gov
656,Anni Jesty,ajestyi7@newsvine.com
657,Constantia Seaman,cseamani8@wisc.edu
658,Walker Swaysland,wswayslandi9@wired.com
659,Jerrome Mault,jmaultia@mashable.com
660,Isidora Kleinzweig,ikleinzweigib@storify.com
661,Merlina Gummow,mgummowic@omniture.com
662,Janeva Beran,jberanid@people.com.cn
663,Dominick Nerval,dnervalie@uiuc.edu
664,Dreddy Haggleton,dhaggletonif@archive.org
665,Malinde Denkel,mdenkelig@jiathis.com
666,Ellette Yearn,eyearnih@jugem.jp
667,Obadias Kedward,okedwardii@lulu.com
668,Kial Fundell,kfundellij@indiegogo.com
669,Nestor Britt,nbrittik@oakley.com
670,Horst Richie,hrichieil@dyndns.org
671,Darcee Cicchinelli,dcicchinelliim@wikia.com
672,Angel Resdale,aresdalein@techcrunch.com
673,Adan Towl,atowlio@boston.com
674,Valera Pautot,vpautotip@senate.gov
675,Carolan Sabatini,csabatiniiq@live.com
676,Bar Warder,bwarderir@live.com
677,Mason Volkes,mvolkesis@weibo.com
678,Bertrand Borton,bbortonit@nationalgeographic.com
679,Valentin De Leek,vdeiu@ask.com
680,Robinett Yven,ryveniv@163.com
681,Clemens Greenlees,cgreenleesiw@arizona.edu
682,Imogene Cordero,icorderoix@constantcontact.com
683,Romola Paget,rpagetiy@seesaa.net
684,Nikki Phillimore,nphillimoreiz@furl.net
685,Margie McPhillimey,mmcphillimeyj0@1688.com
686,Cassandra Janca,cjancaj1@japanpost.jp
687,Sidonia Akenhead,sakenheadj2@cdbaby.com
688,Eddy Broadhurst,ebroadhurstj3@fotki.com
689,Ara Gudd,aguddj4@biglobe.ne.jp
690,Erma Gunthorp,egunthorpj5@vinaora.com
691,Allyce Mauser,amauserj6@ifeng.com
692,Griffith Blacker,gblackerj7@angelfire.com
693,Marika Aysik,maysikj8@berkeley.edu
694,Broderick Eagles,beaglesj9@shutterfly.com
695,Kaleena Stansbie,kstansbieja@ucoz.com
696,Kipp Hansom,khansomjb@engadget.com
697,Herold Olivetti,holivettijc@sciencedaily.com
698,Johannah Grimwade,jgrimwadejd@wikia.com
699,Jenifer Timmens,jtimmensje@issuu.com
700,Ediva Ewell,eewelljf@google.fr
701,Lotte Goodnow,lgoodnowjg@imdb.com
702,Thurston Worssam,tworssamjh@webeden.co.uk
703,Celia Collimore,ccollimoreji@dmoz.org
704,Sloane Want,swantjj@godaddy.com
705,Gertrudis Kainz,gkainzjk@tripadvisor.com
706,Renate Guitonneau,rguitonneaujl@google.fr
707,Vanna Hanham,vhanhamjm@oaic.gov.au
708,Ermanno Mac Giolla Pheadair,emacjn@etsy.com
709,Gerik Tumber,gtumberjo@phoca.cz
710,Hart Ziehm,hziehmjp@moonfruit.com
711,Nadine Woan,nwoanjq@ebay.co.uk
712,Kyle Northidge,knorthidgejr@mail.ru
713,Vanny Howsin,vhowsinjs@goodreads.com
714,Jolene Barham,jbarhamjt@istockphoto.com
715,Darill Ciepluch,dciepluchju@webmd.com
716,Garrik Elwood,gelwoodjv@weebly.com
717,Rhianon Claige,rclaigejw@qq.com
718,Alysa Armell,aarmelljx@archive.org
719,Ringo Haxby,rhaxbyjy@sogou.com
720,Malina Parren,mparrenjz@youtu.be
721,Dorolisa Titterrell,dtitterrellk0@qq.com
722,Urbanus Plowright,uplowrightk1@scribd.com
723,Jandy De Vuyst,jdek2@umn.edu
724,Janot Skechley,jskechleyk3@1und1.de
725,Cymbre Wakeley,cwakeleyk4@paginegialle.it
726,Aleece Toner,atonerk5@dagondesign.com
727,Codi Ettles,cettlesk6@vinaora.com
728,Brear Colvine,bcolvinek7@nationalgeographic.com
729,Bar Ferrie,bferriek8@kickstarter.com
730,Orion O'Hallagan,oohallagank9@wordpress.org
731,Nanci Arne,narneka@unesco.org
732,Corri Le Port,clekb@wikia.com
733,Kane Finlaison,kfinlaisonkc@discovery.com
734,Angie Bottinelli,abottinellikd@rediff.com
735,Maddy Brecher,mbrecherke@adobe.com
736,Kim Critcher,kcritcherkf@state.gov
737,Cordi Gerrell,cgerrellkg@naver.com
738,Bernete Extence,bextencekh@dropbox.com
739,Gerta Wathan,gwathanki@usgs.gov
740,Manda Reddie,mreddiekj@arstechnica.com
741,Roxy Seilmann,rseilmannkk@bigcartel.com
742,Ken King,kkingkl@npr.org
743,Corly Wittier,cwittierkm@apache.org
744,Anallise Dwelling,adwellingkn@sogou.com
745,Malena Sparsholt,msparsholtko@shop-pro.jp
746,Glenda Ritchard,gritchardkp@godaddy.com
747,Lorita Scurry,lscurrykq@weibo.com
748,Hazel Mallinder,hmallinderkr@wikipedia.org
749,Tonie Brundall,tbrundallks@nasa.gov
750,Stevie Flux,sfluxkt@paginegialle.it
751,Susanna Grealy,sgrealyku@printfriendly.com
752,Isador Satterlee,isatterleekv@booking.com
753,Auria Shirtcliffe,ashirtcliffekw@yelp.com
754,Allen Corfield,acorfieldkx@mapy.cz
755,Berkie Geertsen,bgeertsenky@ca.gov
756,Nataniel Titt,ntittkz@ow.ly
757,Thedrick De Pero,tdel0@odnoklassniki.ru
758,Matthus Neles,mnelesl1@hhs.gov
759,Sandor Irons,sironsl2@prlog.org
760,Fax Auton,fautonl3@vimeo.com
761,Haydon Tavener,htavenerl4@paypal.com
762,Rube Boskell,rboskelll5@gnu.org
763,Millisent Ramsell,mramselll6@ask.com
764,Joete Kilduff,jkilduffl7@engadget.com
765,Sibyl Mollin,smollinl8@delicious.com
766,Yule Laven,ylavenl9@arizona.edu
767,Marcelia Kruschev,mkruschevla@irs.gov
768,Kelsey Scaice,kscaicelb@spotify.com
769,Frayda Dayce,fdaycelc@people.com.cn
770,Arda McElwee,amcelweeld@usa.gov
771,Cathrine Dacca,cdaccale@spiegel.de
772,Pammi Demead,pdemeadlf@wix.com
773,Nanice Quantrill,nquantrilllg@google.cn
774,Abdul Ramey,arameylh@theatlantic.com
775,Andres Chettle,achettleli@mit.edu
776,Quinta Farrimond,qfarrimondlj@wp.com
777,Melisandra Shand,mshandlk@telegraph.co.uk
778,Nathanael Chainey,nchaineyll@zdnet.com
779,Randee Neissen,rneissenlm@utexas.edu
780,Guthrie Vell,gvellln@domainmarket.com
781,Mortimer Kenrat,mkenratlo@google.de
782,Bree Titterell,btitterelllp@linkedin.com
783,Camilla Le Brom,clelq@netscape.com
784,Adah Gatecliff,agateclifflr@deviantart.com
785,Alfonso Payne,apaynels@gmpg.org
786,Shepard Naisbitt,snaisbittlt@nymag.com
787,Debee Lancashire,dlancashirelu@pcworld.com
788,Rog Liffe,rliffelv@arstechnica.com
789,Allix Cowpe,acowpelw@themeforest.net
790,Andrew Skaife d'Ingerthorpe,askaifelx@businessinsider.com
791,Cornie Skeldon,cskeldonly@ca.gov
792,Dani Gobert,dgobertlz@engadget.com
793,Phil Birmingham,pbirminghamm0@mapy.cz
794,Lurette Grabert,lgrabertm1@gizmodo.com
795,Nicola Rookesby,nrookesbym2@sohu.com
796,Levon Ziemen,lziemenm3@boston.com
797,Sybil Callar,scallarm4@multiply.com
798,Erinna Shergold,eshergoldm5@uol.com.br
799,Melvin Mattingson,mmattingsonm6@delicious.com
800,Kenny Kensington,kkensingtonm7@wikispaces.com
801,Emmit Fleeming,efleemingm8@tinyurl.com
802,Alyssa Dudin,adudinm9@eepurl.com
803,Filberto Longridge,flongridgema@telegraph.co.uk
804,Camel Drohan,cdrohanmb@tuttocitta.it
805,Berton Schwander,bschwandermc@dell.com
806,Nomi Hessay,nhessaymd@1688.com
807,Ed Treleaven,etreleavenme@deliciousdays.com
808,Gwyneth Lamberto,glambertomf@bloglines.com
809,Karine Purkins,kpurkinsmg@arizona.edu
810,Odey Burrow,oburrowmh@twitpic.com
811,Mariana Fargie,mfargiemi@miitbeian.gov.cn
812,Meridel Flaxon,mflaxonmj@blinklist.com
813,Neal Roseaman,nroseamanmk@economist.com
814,Erin Tommen,etommenml@jigsy.com
815,Tobe Dufoure,tdufouremm@goo.ne.jp
816,Lucita Dobrowski,ldobrowskimn@ucoz.com
817,Heath Gilcrist,hgilcristmo@psu.edu
818,Weston Oloman,wolomanmp@hp.com
819,Amity McCaughey,amccaugheymq@tuttocitta.it
820,Sasha Huddle,shuddlemr@phoca.cz
821,Kort Etoile,ketoilems@seattletimes.com
822,Rodd Coultish,rcoultishmt@wikia.com
823,Silvana O'Hdirscoll,sohdirscollmu@phpbb.com
824,Karita Kenny,kkennymv@networkadvertising.org
825,Obie Walcher,owalchermw@irs.gov
826,Coralie Gantley,cgantleymx@reddit.com
827,Ernaline Cavendish,ecavendishmy@earthlink.net
828,Eugen Broomer,ebroomermz@vinaora.com
829,Rebecca Arnaldi,rarnaldin0@economist.com
830,Sherwin Aires,sairesn1@spiegel.de
831,Laraine Dene,ldenen2@technorati.com
832,Kelsy Playle,kplaylen3@hao123.com
833,Morgan Manueau,mmanueaun4@skyrock.com
834,Kordula Tompion,ktompionn5@techcrunch.com
835,Felic Isley,fisleyn6@sohu.com
836,Ferguson Lawman,flawmann7@examiner.com
837,Emili Clewett,eclewettn8@fotki.com
838,Florie Rozzier,frozziern9@multiply.com
839,Thorsten Josling,tjoslingna@symantec.com
840,Adelle Costall,acostallnb@yelp.com
841,Brad Vsanelli,bvsanellinc@google.de
842,Aurilia Suermeier,asuermeiernd@umich.edu
843,Myrvyn Domanek,mdomanekne@bigcartel.com
844,Francine Kolis,fkolisnf@technorati.com
845,Alida Inchbald,ainchbaldng@twitter.com
846,Mandi Kingsnorth,mkingsnorthnh@delicious.com
847,Janek Benzies,jbenziesni@w3.org
848,Jacquenetta Grouen,jgrouennj@123-reg.co.uk
849,Cecil Kalinsky,ckalinskynk@ifeng.com
850,Joye Gibbins,jgibbinsnl@google.com
851,Kassie Rikel,krikelnm@java.com
852,Glyn Shankland,gshanklandnn@java.com
853,Mace Bosket,mbosketno@blogger.com
854,Eachelle Rolston,erolstonnp@geocities.jp
855,Fionna Helder,fheldernq@kickstarter.com
856,Editha Matzke,ematzkenr@topsy.com
857,Thor Conibere,tconiberens@deliciousdays.com
858,Kirby Ecclesall,kecclesallnt@xrea.com
859,Dael Ivell,divellnu@buzzfeed.com
860,Hatti Cortnay,hcortnaynv@dell.com
861,Pascal Westgarth,pwestgarthnw@exblog.jp
862,Franklyn Gwinnell,fgwinnellnx@yellowpages.com
863,Tony Grund,tgrundny@hubpages.com
864,Angy Viant,aviantnz@privacy.gov.au
865,Malorie Clapperton,mclappertono0@csmonitor.com
866,Chastity Longshaw,clongshawo1@meetup.com
867,Ardella McManus,amcmanuso2@upenn.edu
868,Darin Behning,dbehningo3@epa.gov
869,Manfred Lante,mlanteo4@wordpress.com
870,Brandice Pactat,bpactato5@blog.com
871,Carma Charette,ccharetteo6@sphinn.com
872,Joane Marshalleck,jmarshallecko7@wisc.edu
873,Joseph Breagan,jbreagano8@merriam-webster.com
874,Gerianna Niles,gnileso9@marriott.com
875,Marlon Redfearn,mredfearnoa@behance.net
876,Minette Lightman,mlightmanob@taobao.com
877,Broddie Ellett,bellettoc@jalbum.net
878,Tracee Le feuvre,tleod@surveymonkey.com
879,Kendell Gowler,kgowleroe@amazon.com
880,Jeremias Balhatchet,jbalhatchetof@dyndns.org
881,Obed Burchett,oburchettog@virginia.edu
882,Ainslie Riggs,ariggsoh@webnode.com
883,Molli Seward,msewardoi@cnbc.com
884,Verine Beauchop,vbeauchopoj@com.com
885,Berke Heinl,bheinlok@soup.io
886,Duke Dewan,ddewanol@naver.com
887,Vitia Portinari,vportinariom@163.com
888,Miguelita Peres,mpereson@netvibes.com
889,Rodge Parriss,rparrissoo@zdnet.com
890,Adria Anderson,aandersonop@chronoengine.com
891,Dorolice Haslehurst,dhaslehurstoq@opera.com
892,Serena Grishkov,sgrishkovor@miibeian.gov.cn
893,Adams Giddons,agiddonsos@va.gov
894,Vassili Jencken,vjenckenot@stumbleupon.com
895,Clare Lineen,clineenou@google.com.hk
896,Bonni Acome,bacomeov@skyrock.com
897,Libbie Rowat,lrowatow@ehow.com
898,Leontine Mille,lmilleox@sciencedirect.com
899,Vida Mortel,vmorteloy@cnn.com
900,Mariya Mozzetti,mmozzettioz@ifeng.com
901,Gilbert Budibent,gbudibentp0@is.gd
902,Kirsteni Matussevich,kmatussevichp1@nbcnews.com
903,Man McCall,mmccallp2@jiathis.com
904,Shaylynn Carnall,scarnallp3@dell.com
905,Osborn Andrewartha,oandrewarthap4@mapy.cz
906,Giles Troctor,gtroctorp5@creativecommons.org
907,Katinka Curgenuer,kcurgenuerp6@boston.com
908,Stefano Domleo,sdomleop7@wix.com
909,Stephi Lorroway,slorrowayp8@si.edu
910,Eveline Gallegos,egallegosp9@elpais.com
911,Millie Clackers,mclackerspa@elpais.com
912,Patric Cornau,pcornaupb@exblog.jp
913,Bonnee Fennell,bfennellpc@slate.com
914,Ambros Gallaher,agallaherpd@bizjournals.com
915,Fraser Scurrey,fscurreype@xing.com
916,Silvanus Gurling,sgurlingpf@huffingtonpost.com
917,Celisse Burnard,cburnardpg@blogspot.com
918,Josephina Cavanagh,jcavanaghph@netlog.com
919,Madelena Shawl,mshawlpi@sphinn.com
920,Rufus Godbehere,rgodbeherepj@is.gd
921,Horst Pawden,hpawdenpk@digg.com
922,Elsinore Cahalan,ecahalanpl@flavors.me
923,Martino Morbey,mmorbeypm@archive.org
924,Adda Gyorffy,agyorffypn@mit.edu
925,Gwenore Tunney,gtunneypo@tripod.com
926,Dolf Renvoise,drenvoisepp@123-reg.co.uk
927,Gabrielle Royl,groylpq@who.int
928,Rosalind Renshall,rrenshallpr@addtoany.com
929,Allan Whittam,awhittamps@last.fm
930,Torin Gealy,tgealypt@google.co.uk
931,Tabby Alderwick,talderwickpu@forbes.com
932,Micheal Dunstan,mdunstanpv@free.fr
933,Larine Blazej,lblazejpw@harvard.edu
934,Alejoa Jaume,ajaumepx@google.co.jp
935,Patty Fiveash,pfiveashpy@columbia.edu
936,Rickey Minelli,rminellipz@phoca.cz
937,Jordan McLeoid,jmcleoidq0@ft.com
938,Haskell Dupree,hdupreeq1@twitpic.com
939,Carce Kershow,ckershowq2@indiatimes.com
940,Towny Ebben,tebbenq3@cdbaby.com
941,Mame Dominichetti,mdominichettiq4@discuz.net
942,Dyana Boughton,dboughtonq5@skyrock.com
943,Almeta Millhouse,amillhouseq6@twitter.com
944,Tana Mallord,tmallordq7@odnoklassniki.ru
945,Myra Vater,mvaterq8@psu.edu
946,Tina Faichney,tfaichneyq9@oracle.com
947,Charmane Craigie,ccraigieqa@va.gov
948,Larissa Benes,lbenesqb@independent.co.uk
949,Mose McBean,mmcbeanqc@businesswire.com
950,Dwayne Rivlin,drivlinqd@netscape.com
951,Lauree Poltone,lpoltoneqe@yandex.ru
952,Lanny Pittel,lpittelqf@ca.gov
953,Lindsy Belfelt,lbelfeltqg@cdc.gov
954,Hermann Cough,hcoughqh@delicious.com
955,Maximo Oganesian,moganesianqi@biglobe.ne.jp
956,Chaddie Dunabie,cdunabieqj@shutterfly.com
957,Wally Jorioz,wjoriozqk@vimeo.com
958,Roberto Giblett,rgiblettql@ucla.edu
959,Randie Almak,ralmakqm@homestead.com
960,Camile Macek,cmacekqn@twitter.com
961,Odey Clothier,oclothierqo@hubpages.com
962,Emmet Burstow,eburstowqp@blinklist.com
963,Reynard Roggero,rroggeroqq@utexas.edu
964,Elfie Chapiro,echapiroqr@amazon.co.jp
965,Orv Brunning,obrunningqs@xing.com
966,Alfonse Doddemeade,adoddemeadeqt@vk.com
967,Sharity Lawrenz,slawrenzqu@wikia.com
968,Dick Reveland,drevelandqv@cpanel.net
969,Nari Madner,nmadnerqw@sitemeter.com
970,Minor Beckson,mbecksonqx@princeton.edu
971,Alis Colgan,acolganqy@imgur.com
972,Rosalie Jacobssen,rjacobssenqz@census.gov
973,Pearl Guidetti,pguidettir0@tumblr.com
974,Wilbur Westerman,wwestermanr1@hatena.ne.jp
975,Bordy Bozier,bbozierr2@gnu.org
976,Daria Smaridge,dsmaridger3@wsj.com
977,Tyne Robelow,trobelowr4@alexa.com
978,Brion Kattenhorn,bkattenhornr5@mit.edu
979,Dagmar Letrange,dletranger6@storify.com
980,Munmro Lithgow,mlithgowr7@ycombinator.com
981,Karlis Wilcocke,kwilcocker8@theglobeandmail.com
982,Hirsch Hammond,hhammondr9@newyorker.com
983,Neal Bage,nbagera@ifeng.com
984,Blondell Petrulis,bpetrulisrb@paypal.com
985,Cassandra Mulqueen,cmulqueenrc@google.com.hk
986,Jeane Dumbrill,jdumbrillrd@pen.io
987,Henryetta Langford,hlangfordre@prnewswire.com
988,Noellyn Kaesmakers,nkaesmakersrf@joomla.org
989,Dominic Gooddy,dgooddyrg@ifeng.com
990,Ives Dainter,idainterrh@wikispaces.com
991,Dorice Schaumaker,dschaumakerri@geocities.com
992,Marcy Birts,mbirtsrj@narod.ru
993,Codie Jacobssen,cjacobssenrk@linkedin.com
994,Melanie Cristofalo,mcristofalorl@jugem.jp
995,Tonye Ephgrave,tephgraverm@nps.gov
996,Sonny McKenny,smckennyrn@answers.com
997,Hale Bethel,hbethelro@feedburner.com
998,Hadrian Brotheridge,hbrotheridgerp@t-online.de
999,Archy Bodsworth,abodsworthrq@sciencedirect.com
1000,Ediva Drew,edrewrr@mysql.com
